section,subsection,diseaseId,name,icd10,moduleFile,quality_status,clinical_priority,source_pack,last_reviewed_at,freshness_sla_days,freshness_due_at,freshness_status,review_owner,clinical_editor_review,senior_board_signoff_status,clinical_table_contract,decision_tree_contract,release_blocker
andrology,sexual,erectile-dysfunction,Эректильная дисфункция,N52,erectileDysfunctionData.js,quality-ready,A,EAU|AUA/ASRM|WHO|RU,2026-05-10,90,2026-08-08,fresh,medical-qa,content-structure-pass,priority-a-policy-ready,responsive-table-or-card-row,not-required,none
andrology,sexual,premature-ejaculation,Преждевременная эякуляция,N53,prematureEjaculationData.js,quality-ready,A,EAU|AUA/ASRM|WHO|RU,2026-05-10,90,2026-08-08,fresh,medical-qa,content-structure-pass,priority-a-policy-ready,responsive-table-or-card-row,not-required,none
andrology,sexual,priapism,Приапизм,N48.3,priapismData.js,quality-ready,A,EAU|AUA/ASRM|WHO|RU,2026-05-10,90,2026-08-08,fresh,medical-qa,content-structure-pass,priority-a-policy-ready,responsive-table-or-card-row,not-required,none
andrology,sexual,psychogenic-ed,Психогенная эректильная дисфункция,F52.2,psychogenicEdData.js,quality-ready,A,EAU|AUA/ASRM|WHO|RU,2026-05-10,90,2026-08-08,fresh,medical-qa,content-structure-pass,priority-a-policy-ready,responsive-table-or-card-row,not-required,none
andrology,sexual,psychogenic-premature-ejaculation,Психогенная преждевременная эякуляция,F52.4,psychogenicPrematureEjaculationData.js,quality-ready,A,EAU|AUA/ASRM|WHO|RU,2026-05-10,90,2026-08-08,fresh,medical-qa,content-structure-pass,priority-a-policy-ready,responsive-table-or-card-row,not-required,none
urology,functional,overactive-bladder,Гиперактивный мочевой пузырь,N32.8,overactiveBladderData.js,quality-ready,A,EAU|AUA/ASRM|WHO|RU,2026-05-10,90,2026-08-08,fresh,medical-qa,content-structure-pass,priority-a-policy-ready,responsive-table-or-card-row,not-required,none
urology,functional,urge-incontinence,Ургентное недержание мочи,N39.4,urgeIncontinenceData.js,quality-ready,A,EAU|AUA/ASRM|WHO|RU,2026-05-10,90,2026-08-08,fresh,medical-qa,content-structure-pass,priority-a-policy-ready,responsive-table-or-card-row,not-required,none
urology,functional,urinary-retention,Острая задержка мочи,R33,urinaryRetentionData.js,quality-ready,A,EAU|AUA/ASRM|WHO|RU,2026-05-10,90,2026-08-08,fresh,medical-qa,content-structure-pass,priority-a-policy-ready,responsive-table-or-card-row,not-required,none
urology,infections,acute-bacterial-prostatitis,Острый бактериальный простатит,N41.0,acuteBacterialProstatitisData.js,quality-ready,A,EAU|AUA/ASRM|WHO|RU,2026-05-10,90,2026-08-08,fresh,medical-qa,content-structure-pass,priority-a-policy-ready,responsive-table-or-card-row,decision-tree-supported,none
urology,infections,acute-cystitis,Острый цистит,N30.0,acuteCystitisData.js,quality-ready,A,EAU|AUA/ASRM|WHO|RU,2026-05-10,90,2026-08-08,fresh,medical-qa,content-structure-pass,priority-a-policy-ready,responsive-table-or-card-row,decision-tree-supported,none
urology,infections,device-associated-uti,"ИМП, связанная с катетером/устройством",T83.5,deviceAssociatedUtiData.js,quality-ready,A,EAU|AUA/ASRM|WHO|RU,2026-05-10,90,2026-08-08,fresh,medical-qa,content-structure-pass,priority-a-policy-ready,responsive-table-or-card-row,decision-tree-supported,none
urology,infections,fournier-gangrene,Гангрена Фурнье,N49.2,fournierGangreneData.js,quality-ready,A,EAU|AUA/ASRM|WHO|RU,2026-05-10,90,2026-08-08,fresh,medical-qa,content-structure-pass,priority-a-policy-ready,responsive-table-or-card-row,decision-tree-supported,none
urology,infections,pyelonephritis,Пиелонефрит,N10,pyelonephritisData.js,quality-ready,A,EAU|AUA/ASRM|WHO|RU,2026-05-10,90,2026-08-08,fresh,medical-qa,content-structure-pass,priority-a-policy-ready,responsive-table-or-card-row,decision-tree-supported,none
urology,infections,recurrent-uti,Рецидивирующая ИМП,N39.0,recurrentUtiData.js,quality-ready,A,EAU|AUA/ASRM|WHO|RU,2026-05-10,90,2026-08-08,fresh,medical-qa,content-structure-pass,priority-a-policy-ready,responsive-table-or-card-row,decision-tree-supported,none
urology,infections,renal-tuberculosis,Туберкулёз почки,A18.1,renalTuberculosisData.js,quality-ready,A,EAU|AUA/ASRM|WHO|RU,2026-05-10,90,2026-08-08,fresh,medical-qa,content-structure-pass,priority-a-policy-ready,responsive-table-or-card-row,decision-tree-supported,none
urology,infections,urosepsis,Уросепсис,N13.6 + A41.9,urosepsisData.js,quality-ready,A,EAU|AUA/ASRM|WHO|RU,2026-05-10,90,2026-08-08,fresh,medical-qa,content-structure-pass,priority-a-policy-ready,responsive-table-or-card-row,decision-tree-supported,none
urology,reconstructive,hydronephrosis,Гидронефроз,N13,hydronephrosisData.js,quality-ready,A,EAU|AUA/ASRM|WHO|RU,2026-05-10,90,2026-08-08,fresh,medical-qa,content-structure-pass,priority-a-policy-ready,responsive-table-or-card-row,not-required,none
urology,reconstructive,testicular-torsion,Перекрут яичка,N44,testicularTorsionData.js,quality-ready,A,EAU|AUA/ASRM|WHO|RU,2026-05-10,90,2026-08-08,fresh,medical-qa,content-structure-pass,priority-a-policy-ready,responsive-table-or-card-row,not-required,none
urology,stones,kidney-stone,Камень почки,N20.0,kidneyStoneData.js,quality-ready,A,EAU|AUA/ASRM|WHO|RU,2026-05-10,90,2026-08-08,fresh,medical-qa,content-structure-pass,priority-a-policy-ready,responsive-table-or-card-row,decision-tree-supported,none
urology,stones,kidney-ureter-stones,Камни почки с камнями мочеточника,N20.2,kidneyUreterStonesData.js,quality-ready,A,EAU|AUA/ASRM|WHO|RU,2026-05-10,90,2026-08-08,fresh,medical-qa,content-structure-pass,priority-a-policy-ready,responsive-table-or-card-row,decision-tree-supported,none
urology,stones,renal-colic,Почечная колика,N23,renalColicData.js,quality-ready,A,EAU|AUA/ASRM|WHO|RU,2026-05-10,90,2026-08-08,fresh,medical-qa,content-structure-pass,priority-a-policy-ready,responsive-table-or-card-row,decision-tree-supported,none
urology,stones,ureteral-stone,Камень мочеточника,N20.1,ureteralStoneData.js,quality-ready,A,EAU|AUA/ASRM|WHO|RU,2026-05-10,90,2026-08-08,fresh,medical-qa,content-structure-pass,priority-a-policy-ready,responsive-table-or-card-row,decision-tree-supported,none
andrology,endocrine,hypogonadism,Мужской гипогонадизм,E29.1,hypogonadismData.js,quality-ready,B,EAU|AUA/ASRM|WHO|RU,2026-05-10,180,2026-11-06,fresh,content-lead,content-structure-pass,scheduled-board-wave,responsive-table-or-card-row,not-required,none
andrology,fertility,asthenozoospermia,Астенозооспермия,N46,asthenozoospermiaData.js,quality-ready,B,EAU|AUA/ASRM|WHO|RU|ESHRE,2026-05-10,180,2026-11-06,fresh,content-lead,content-structure-pass,scheduled-board-wave,responsive-table-or-card-row,decision-tree-supported,none
andrology,fertility,azoospermia,Азооспермия,N46,azoospermiaData.js,quality-ready,B,EAU|AUA/ASRM|WHO|RU|ESHRE,2026-05-10,180,2026-11-06,fresh,content-lead,content-structure-pass,scheduled-board-wave,responsive-table-or-card-row,decision-tree-supported,none
andrology,fertility,cryptorchidism,Крипторхизм,Q53,cryptorchidismData.js,quality-ready,B,EAU|AUA/ASRM|WHO|RU|ESHRE,2026-05-10,180,2026-11-06,fresh,content-lead,content-structure-pass,scheduled-board-wave,responsive-table-or-card-row,decision-tree-supported,none
andrology,fertility,leukocytospermia,Лейкоцитоспермия,N46,leukocytospermiaData.js,quality-ready,B,EAU|AUA/ASRM|WHO|RU|ESHRE,2026-05-10,180,2026-11-06,fresh,content-lead,content-structure-pass,scheduled-board-wave,responsive-table-or-card-row,decision-tree-supported,none
andrology,fertility,male-infertility,Мужское бесплодие,N46,maleInfertilityData.js,quality-ready,B,EAU|AUA/ASRM|WHO|RU|ESHRE,2026-05-10,180,2026-11-06,fresh,content-lead,content-structure-pass,scheduled-board-wave,responsive-table-or-card-row,decision-tree-supported,none
andrology,fertility,oligospermia,Олигозооспермия,N46,oligospermiaData.js,quality-ready,B,EAU|AUA/ASRM|WHO|RU|ESHRE,2026-05-10,180,2026-11-06,fresh,content-lead,content-structure-pass,scheduled-board-wave,responsive-table-or-card-row,decision-tree-supported,none
andrology,fertility,teratozoospermia,Тератозооспермия,N46,teratozoospermiaData.js,quality-ready,B,EAU|AUA/ASRM|WHO|RU|ESHRE,2026-05-10,180,2026-11-06,fresh,content-lead,content-structure-pass,scheduled-board-wave,responsive-table-or-card-row,decision-tree-supported,none
andrology,fertility,varicocele,Варикоцеле,I86.1,varicoceleData.js,quality-ready,B,EAU|AUA/ASRM|WHO|RU|ESHRE,2026-05-10,180,2026-11-06,fresh,content-lead,content-structure-pass,scheduled-board-wave,responsive-table-or-card-row,decision-tree-supported,none
andrology,sexual,cavernous-fibrosis,Фиброз кавернозных тел,N48.6,cavernousFibrosisData.js,quality-ready,B,EAU|AUA/ASRM|WHO|RU,2026-05-10,180,2026-11-06,fresh,content-lead,content-structure-pass,scheduled-board-wave,responsive-table-or-card-row,not-required,none
andrology,sexual,chronic-bacterial-prostatitis,Хронический бактериальный простатит,N41.1,chronicBacterialProstatitisData.js,quality-ready,B,EAU|AUA/ASRM|WHO|RU,2026-05-10,180,2026-11-06,fresh,content-lead,content-structure-pass,scheduled-board-wave,responsive-table-or-card-row,not-required,none
andrology,sexual,chronic-prostatitis-cpps,Хронический простатит / СХТБ,N41.1,chronicProstatitisCPPSData.js,quality-ready,B,EAU|AUA/ASRM|WHO|RU,2026-05-10,180,2026-11-06,fresh,content-lead,content-structure-pass,scheduled-board-wave,responsive-table-or-card-row,not-required,none
andrology,sexual,funiculitis,Фуникулит,N49.2,funiculitisData.js,quality-ready,B,EAU|AUA/ASRM|WHO|RU,2026-05-10,180,2026-11-06,fresh,content-lead,content-structure-pass,scheduled-board-wave,responsive-table-or-card-row,not-required,none
andrology,sexual,peyronie,Болезнь Пейрони,N48.6,peyronieData.js,quality-ready,B,EAU|AUA/ASRM|WHO|RU,2026-05-10,180,2026-11-06,fresh,content-lead,content-structure-pass,scheduled-board-wave,responsive-table-or-card-row,not-required,none
pediatric,,hydrocele,Гидроцеле,N43,hydroceleData.js,quality-ready,B,EAU|AUA/ASRM|WHO|RU,2026-05-10,180,2026-11-06,fresh,content-lead,content-structure-pass,scheduled-board-wave,responsive-table-or-card-row,not-required,none
pediatric,,hypospadias,Гипоспадия,Q54,hypospadiasData.js,quality-ready,B,EAU|AUA/ASRM|WHO|RU,2026-05-10,180,2026-11-06,fresh,content-lead,content-structure-pass,scheduled-board-wave,responsive-table-or-card-row,not-required,none
pediatric,,phimosis,Фимоз,N47,phimosisData.js,quality-ready,B,EAU|AUA/ASRM|WHO|RU,2026-05-10,180,2026-11-06,fresh,content-lead,content-structure-pass,scheduled-board-wave,responsive-table-or-card-row,not-required,none
pediatric,,posterior-urethral-valves,Клапаны задней уретры,Q64.2,posteriorUrethralValvesData.js,quality-ready,B,EAU|AUA/ASRM|WHO|RU,2026-05-10,180,2026-11-06,fresh,content-lead,content-structure-pass,scheduled-board-wave,responsive-table-or-card-row,not-required,none
urology,functional,bladder-neck-obstruction,Обструкция шейки мочевого пузыря,N32.0,bladderNeckObstructionData.js,quality-ready,B,EAU|AUA/ASRM|WHO|RU,2026-05-10,180,2026-11-06,fresh,content-lead,content-structure-pass,scheduled-board-wave,responsive-table-or-card-row,not-required,none
urology,functional,bph,ДГПЖ / Аденома простаты,N40,bphData.js,quality-ready,B,EAU|AUA/ASRM|WHO|RU,2026-05-10,180,2026-11-06,fresh,content-lead,content-structure-pass,scheduled-board-wave,responsive-table-or-card-row,not-required,none
urology,functional,interstitial-cystitis,Интерстициальный цистит / СБМП,N30.1,interstitialCystitisData.js,quality-ready,B,EAU|AUA/ASRM|WHO|RU,2026-05-10,180,2026-11-06,fresh,content-lead,content-structure-pass,scheduled-board-wave,responsive-table-or-card-row,not-required,none
urology,functional,neurogenic-bladder,Нейрогенный мочевой пузырь,N31,neurogenicBladderData.js,quality-ready,B,EAU|AUA/ASRM|WHO|RU,2026-05-10,180,2026-11-06,fresh,content-lead,content-structure-pass,scheduled-board-wave,responsive-table-or-card-row,not-required,none
urology,functional,neurogenic-bladder-child,Нейрогенный мочевой пузырь у детей,N31.2,neurogenicBladderChildData.js,quality-ready,B,EAU|AUA/ASRM|WHO|RU,2026-05-10,180,2026-11-06,fresh,content-lead,content-structure-pass,scheduled-board-wave,responsive-table-or-card-row,not-required,none
urology,functional,post-prostatectomy-incontinence,Послеоперационное недержание,N39.4,postProstatectomyIncontinenceData.js,quality-ready,B,EAU|AUA/ASRM|WHO|RU,2026-05-10,180,2026-11-06,fresh,content-lead,content-structure-pass,scheduled-board-wave,responsive-table-or-card-row,not-required,none
urology,functional,prostatic-calculi,Камни простаты,N42.0,prostaticCalculiData.js,quality-ready,B,EAU|AUA/ASRM|WHO|RU,2026-05-10,180,2026-11-06,fresh,content-lead,content-structure-pass,scheduled-board-wave,responsive-table-or-card-row,not-required,none
urology,functional,prostatic-cyst,Кисты простаты,N42.0,prostaticCystData.js,quality-ready,B,EAU|AUA/ASRM|WHO|RU,2026-05-10,180,2026-11-06,fresh,content-lead,content-structure-pass,scheduled-board-wave,responsive-table-or-card-row,not-required,none
urology,functional,stress-incontinence,Стрессовое недержание мочи,N39.3,stressIncontinenceData.js,quality-ready,B,EAU|AUA/ASRM|WHO|RU,2026-05-10,180,2026-11-06,fresh,content-lead,content-structure-pass,scheduled-board-wave,responsive-table-or-card-row,not-required,none
urology,functional,underactive-bladder,Гипоактивный мочевой пузырь,N31.2,underactiveBladderData.js,quality-ready,B,EAU|AUA/ASRM|WHO|RU,2026-05-10,180,2026-11-06,fresh,content-lead,content-structure-pass,scheduled-board-wave,responsive-table-or-card-row,not-required,none
urology,infections,balanoposthitis,Баланопостит,N48.1,balanoposthitisData.js,quality-ready,B,EAU|AUA/ASRM|WHO|RU,2026-05-10,180,2026-11-06,fresh,content-lead,content-structure-pass,scheduled-board-wave,responsive-table-or-card-row,decision-tree-supported,none
urology,infections,chronic-cystitis,Хронический цистит,N30.2,chronicCystitisData.js,quality-ready,B,EAU|AUA/ASRM|WHO|RU,2026-05-10,180,2026-11-06,fresh,content-lead,content-structure-pass,scheduled-board-wave,responsive-table-or-card-row,decision-tree-supported,none
urology,infections,cystitis,Цистит,N30,cystitisData.js,quality-ready,B,EAU|AUA/ASRM|WHO|RU,2026-05-10,180,2026-11-06,fresh,content-lead,content-structure-pass,scheduled-board-wave,responsive-table-or-card-row,decision-tree-supported,none
urology,infections,emphysematous-pyelonephritis,Эмфизематозный пиелонефрит,N13.6,emphysematousPyelonephritisData.js,quality-ready,B,EAU|AUA/ASRM|WHO|RU,2026-05-10,180,2026-11-06,fresh,content-lead,content-structure-pass,scheduled-board-wave,responsive-table-or-card-row,decision-tree-supported,none
urology,infections,epididymitis,Эпидидимит,N45,epididymitisData.js,quality-ready,B,EAU|AUA/ASRM|WHO|RU,2026-05-10,180,2026-11-06,fresh,content-lead,content-structure-pass,scheduled-board-wave,responsive-table-or-card-row,decision-tree-supported,none
urology,infections,epididymo-orchitis,Эпидидимоорхит,N45.9,epididymoOrchitisData.js,quality-ready,B,EAU|AUA/ASRM|WHO|RU,2026-05-10,180,2026-11-06,fresh,content-lead,content-structure-pass,scheduled-board-wave,responsive-table-or-card-row,decision-tree-supported,none
urology,infections,orchitis,Орхит,N45,orchitisData.js,quality-ready,B,EAU|AUA/ASRM|WHO|RU,2026-05-10,180,2026-11-06,fresh,content-lead,content-structure-pass,scheduled-board-wave,responsive-table-or-card-row,decision-tree-supported,none
urology,infections,prostate-abscess,Абсцесс простаты,N41.2,prostateAbscessData.js,quality-ready,B,EAU|AUA/ASRM|WHO|RU,2026-05-10,180,2026-11-06,fresh,content-lead,content-structure-pass,scheduled-board-wave,responsive-table-or-card-row,decision-tree-supported,none
urology,infections,prostatitis,Простатит / ХТБС,N41,prostatitisData.js,quality-ready,B,EAU|AUA/ASRM|WHO|RU,2026-05-10,180,2026-11-06,fresh,content-lead,content-structure-pass,scheduled-board-wave,responsive-table-or-card-row,decision-tree-supported,none
urology,infections,urethral-syndrome,Уретральный синдром,N30.9,urethralSyndromeData.js,quality-ready,B,EAU|AUA/ASRM|WHO|RU,2026-05-10,180,2026-11-06,fresh,content-lead,content-structure-pass,scheduled-board-wave,responsive-table-or-card-row,decision-tree-supported,none
urology,infections,uti-unspecified,ИМП без уточнения,N39.0,utiUnspecifiedData.js,quality-ready,B,EAU|AUA/ASRM|WHO|RU,2026-05-10,180,2026-11-06,fresh,content-lead,content-structure-pass,scheduled-board-wave,responsive-table-or-card-row,decision-tree-supported,none
urology,oncology,bladder-cancer,Рак мочевого пузыря,C67,bladderCancerData.js,quality-ready,B,EAU|AUA/ASRM|WHO|RU,2026-05-10,180,2026-11-06,fresh,content-lead,content-structure-pass,scheduled-board-wave,responsive-table-or-card-row,decision-tree-supported,none
urology,oncology,elevated-psa,Повышенный ПСА,R97,elevatedPsaData.js,quality-ready,B,EAU|AUA/ASRM|WHO|RU,2026-05-10,180,2026-11-06,fresh,content-lead,content-structure-pass,scheduled-board-wave,responsive-table-or-card-row,decision-tree-supported,none
urology,oncology,kidney-cancer,Рак почки,C64,kidneyCancerData.js,quality-ready,B,EAU|AUA/ASRM|WHO|RU,2026-05-10,180,2026-11-06,fresh,content-lead,content-structure-pass,scheduled-board-wave,responsive-table-or-card-row,decision-tree-supported,none
urology,oncology,neuroendocrine-bladder,Нейроэндокринная опухоль мочевого пузыря,C67.9,neuroendocrineBladderData.js,quality-ready,B,EAU|AUA/ASRM|WHO|RU,2026-05-10,180,2026-11-06,fresh,content-lead,content-structure-pass,scheduled-board-wave,responsive-table-or-card-row,decision-tree-supported,none
urology,oncology,papillary-rcc,Папиллярный рак почки,C64,papillaryRccData.js,quality-ready,B,EAU|AUA/ASRM|WHO|RU,2026-05-10,180,2026-11-06,fresh,content-lead,content-structure-pass,scheduled-board-wave,responsive-table-or-card-row,decision-tree-supported,none
urology,oncology,penile-cancer,Рак полового члена,C60,penileCancerData.js,quality-ready,B,EAU|AUA/ASRM|WHO|RU,2026-05-10,180,2026-11-06,fresh,content-lead,content-structure-pass,scheduled-board-wave,responsive-table-or-card-row,decision-tree-supported,none
urology,oncology,prostate-cancer,Рак предстательной железы,C61,prostateCancerData.js,quality-ready,B,EAU|AUA/ASRM|WHO|RU,2026-05-10,180,2026-11-06,fresh,content-lead,content-structure-pass,scheduled-board-wave,responsive-table-or-card-row,decision-tree-supported,none
urology,oncology,sarcoma-prostate,Саркома предстательной железы,C61,sarcomaProstateData.js,quality-ready,B,EAU|AUA/ASRM|WHO|RU,2026-05-10,180,2026-11-06,fresh,content-lead,content-structure-pass,scheduled-board-wave,responsive-table-or-card-row,decision-tree-supported,none
urology,oncology,testicular-cancer,Рак яичка,C62,testicularCancerData.js,quality-ready,B,EAU|AUA/ASRM|WHO|RU,2026-05-10,180,2026-11-06,fresh,content-lead,content-structure-pass,scheduled-board-wave,responsive-table-or-card-row,decision-tree-supported,none
urology,oncology,upper-tract-uc,Уротелиальный рак верхних мочевых путей,C65-C66,upperTractUCData.js,quality-ready,B,EAU|AUA/ASRM|WHO|RU,2026-05-10,180,2026-11-06,fresh,content-lead,content-structure-pass,scheduled-board-wave,responsive-table-or-card-row,decision-tree-supported,none
urology,oncology,urethral-cancer,Рак уретры,C68.0,urethralCancerData.js,quality-ready,B,EAU|AUA/ASRM|WHO|RU,2026-05-10,180,2026-11-06,fresh,content-lead,content-structure-pass,scheduled-board-wave,responsive-table-or-card-row,decision-tree-supported,none
urology,oncology,wilms-tumor,Опухоль Вильмса (нефробластома),C64,wilmsTumorData.js,quality-ready,B,EAU|AUA/ASRM|WHO|RU,2026-05-10,180,2026-11-06,fresh,content-lead,content-structure-pass,scheduled-board-wave,responsive-table-or-card-row,decision-tree-supported,none
urology,pain,bladder-pain-syndrome,Болевой синдром мочевого пузыря,N30.1,bladderPainSyndromeData.js,quality-ready,B,EAU|AUA/ASRM|WHO|RU,2026-05-10,180,2026-11-06,fresh,content-lead,content-structure-pass,scheduled-board-wave,responsive-table-or-card-row,not-required,none
urology,pain,radiation-cystitis,Лучевой цистит,N30.4,radiationCystitisData.js,quality-ready,B,EAU|AUA/ASRM|WHO|RU,2026-05-10,180,2026-11-06,fresh,content-lead,content-structure-pass,scheduled-board-wave,responsive-table-or-card-row,not-required,none
urology,reconstructive,bladder-exstrophy,Экстрофия мочевого пузыря,Q64.1,bladderExstrophyData.js,quality-ready,B,EAU|AUA/ASRM|WHO|RU,2026-05-10,180,2026-11-06,fresh,content-lead,content-structure-pass,scheduled-board-wave,responsive-table-or-card-row,not-required,none
urology,reconstructive,paraphimosis,Парафимоз,N47.1,paraphimosisData.js,quality-ready,B,EAU|AUA/ASRM|WHO|RU,2026-05-10,180,2026-11-06,fresh,content-lead,content-structure-pass,scheduled-board-wave,responsive-table-or-card-row,not-required,none
urology,reconstructive,postprocedural-urethral-stricture,Постпроцедурная стриктура уретры,N99.1,postproceduralUrethralStrictureData.js,quality-ready,B,EAU|AUA/ASRM|WHO|RU,2026-05-10,180,2026-11-06,fresh,content-lead,content-structure-pass,scheduled-board-wave,responsive-table-or-card-row,not-required,none
urology,reconstructive,retroperitoneal-fibrosis,Ретроперитонеальный фиброз,N13.5,retroperitonealFibrosisData.js,quality-ready,B,EAU|AUA/ASRM|WHO|RU,2026-05-10,180,2026-11-06,fresh,content-lead,content-structure-pass,scheduled-board-wave,responsive-table-or-card-row,not-required,none
urology,reconstructive,upj-obstruction,Обструкция ЛМС,N13.5,upjObstructionData.js,quality-ready,B,EAU|AUA/ASRM|WHO|RU,2026-05-10,180,2026-11-06,fresh,content-lead,content-structure-pass,scheduled-board-wave,responsive-table-or-card-row,not-required,none
urology,reconstructive,ureteral-stricture-benign,Доброкачественная стриктура мочеточника,N13.5,ureteralStrictureBenignData.js,quality-ready,B,EAU|AUA/ASRM|WHO|RU,2026-05-10,180,2026-11-06,fresh,content-lead,content-structure-pass,scheduled-board-wave,responsive-table-or-card-row,not-required,none
urology,reconstructive,urethral-stricture,Стриктура уретры,N35,urethralStrictureData.js,quality-ready,B,EAU|AUA/ASRM|WHO|RU,2026-05-10,180,2026-11-06,fresh,content-lead,content-structure-pass,scheduled-board-wave,responsive-table-or-card-row,not-required,none
urology,reconstructive,vesicoureteral-reflux,Пузырно-мочеточниковый рефлюкс,N13.7,vesicoureteralRefluxData.js,quality-ready,B,EAU|AUA/ASRM|WHO|RU,2026-05-10,180,2026-11-06,fresh,content-lead,content-structure-pass,scheduled-board-wave,responsive-table-or-card-row,not-required,none
urology,stones,bladder-stones,Камни мочевого пузыря,N21.0,bladderStonesData.js,quality-ready,B,EAU|AUA/ASRM|WHO|RU,2026-05-10,180,2026-11-06,fresh,content-lead,content-structure-pass,scheduled-board-wave,responsive-table-or-card-row,decision-tree-supported,none
urology,stones,urolithiasis,Мочекаменная болезнь,N20-N23,urolithiasisData.js,quality-ready,B,EAU|AUA/ASRM|WHO|RU,2026-05-10,180,2026-11-06,fresh,content-lead,content-structure-pass,scheduled-board-wave,responsive-table-or-card-row,decision-tree-supported,none
andrology,endocrine,androgen-resistance-syndrome,Синдром андрогенной резистентности,E34.5,androgenResistanceSyndromeData.js,quality-ready,C,EAU|AUA/ASRM|WHO|RU,2026-05-10,365,2027-05-10,fresh,content-lead,content-structure-pass,scheduled-board-wave,responsive-table-or-card-row,not-required,none
andrology,endocrine,hyperprolactinemia-male,Гиперпролактинемия у мужчин,E22.1,hyperprolactinemiaMaleData.js,quality-ready,C,EAU|AUA/ASRM|WHO|RU,2026-05-10,365,2027-05-10,fresh,content-lead,content-structure-pass,scheduled-board-wave,responsive-table-or-card-row,not-required,none
andrology,endocrine,hyperthyroidism-ed,ЭД на фоне гипертиреоза,E05.9,hyperthyroidismEdData.js,quality-ready,C,EAU|AUA/ASRM|WHO|RU,2026-05-10,365,2027-05-10,fresh,content-lead,content-structure-pass,scheduled-board-wave,responsive-table-or-card-row,not-required,none
andrology,endocrine,kallmann-syndrome,Синдром Каллмана,E23.0,kallmannSyndromeData.js,quality-ready,C,EAU|AUA/ASRM|WHO|RU,2026-05-10,365,2027-05-10,fresh,content-lead,content-structure-pass,scheduled-board-wave,responsive-table-or-card-row,not-required,none
andrology,endocrine,klein-felter,Синдром Клайнфельтера,Q97.0,kleinFelterData.js,quality-ready,C,EAU|AUA/ASRM|WHO|RU,2026-05-10,365,2027-05-10,fresh,content-lead,content-structure-pass,scheduled-board-wave,responsive-table-or-card-row,not-required,none
andrology,endocrine,male-climacterium,Мужской климакс (LOH),E29.1,maleClimacteriumData.js,quality-ready,C,EAU|AUA/ASRM|WHO|RU,2026-05-10,365,2027-05-10,fresh,content-lead,content-structure-pass,scheduled-board-wave,responsive-table-or-card-row,not-required,none
andrology,endocrine,male-osteoporosis-hypogonadism,Остеопороз при гипогонадизме,M81.8,maleOsteoporosisHypogonadismData.js,quality-ready,C,EAU|AUA/ASRM|WHO|RU,2026-05-10,365,2027-05-10,fresh,content-lead,content-structure-pass,scheduled-board-wave,responsive-table-or-card-row,not-required,none
andrology,endocrine,metabolic-syndrome-ed,ЭД на фоне метаболического синдрома,E88.8,metabolicSyndromeEdData.js,quality-ready,C,EAU|AUA/ASRM|WHO|RU,2026-05-10,365,2027-05-10,fresh,content-lead,content-structure-pass,scheduled-board-wave,responsive-table-or-card-row,not-required,none
andrology,endocrine,subclinical-hypogonadism,Субклинический гипогонадизм,E29.1,subclinicalHypogonadismData.js,quality-ready,C,EAU|AUA/ASRM|WHO|RU,2026-05-10,365,2027-05-10,fresh,content-lead,content-structure-pass,scheduled-board-wave,responsive-table-or-card-row,not-required,none
andrology,fertility,ejaculatory-duct-obstruction,Обструкция семявыбрасывающих протоков,N53.8,ejaculatoryDuctObstructionData.js,quality-ready,C,EAU|AUA/ASRM|WHO|RU|ESHRE,2026-05-10,365,2027-05-10,fresh,content-lead,content-structure-pass,scheduled-board-wave,responsive-table-or-card-row,decision-tree-supported,none
andrology,fertility,fertility-preservation-male,Сохранение фертильности у мужчин,Z31.6,fertilityPreservationMaleData.js,quality-ready,C,EAU|AUA/ASRM|WHO|RU|ESHRE,2026-05-10,365,2027-05-10,fresh,content-lead,content-structure-pass,scheduled-board-wave,responsive-table-or-card-row,decision-tree-supported,none
andrology,fertility,male-contraception,Мужская контрацепция,Z30.0,maleContraceptionData.js,quality-ready,C,EAU|AUA/ASRM|WHO|RU|ESHRE,2026-05-10,365,2027-05-10,fresh,content-lead,content-structure-pass,scheduled-board-wave,responsive-table-or-card-row,decision-tree-supported,none
andrology,fertility,varicocele-recurrence,Рецидив варикоцеле,I86.1,varicoceleRecurrenceData.js,quality-ready,C,EAU|AUA/ASRM|WHO|RU|ESHRE,2026-05-10,365,2027-05-10,fresh,content-lead,content-structure-pass,scheduled-board-wave,responsive-table-or-card-row,decision-tree-supported,none
andrology,sexual,anejaculation,Анэякуляция,N53.8,anejaculationData.js,quality-ready,C,EAU|AUA/ASRM|WHO|RU,2026-05-10,365,2027-05-10,fresh,content-lead,content-structure-pass,scheduled-board-wave,responsive-table-or-card-row,not-required,none
andrology,sexual,aspermatism,Асперматизм,N53.8,aspermatismData.js,quality-ready,C,EAU|AUA/ASRM|WHO|RU|ESHRE,2026-05-10,365,2027-05-10,fresh,content-lead,content-structure-pass,scheduled-board-wave,responsive-table-or-card-row,decision-tree-supported,none
andrology,sexual,delayed-ejaculation,Замедленная эякуляция,N53.8,delayedEjaculationData.js,quality-ready,C,EAU|AUA/ASRM|WHO|RU,2026-05-10,365,2027-05-10,fresh,content-lead,content-structure-pass,scheduled-board-wave,responsive-table-or-card-row,not-required,none
andrology,sexual,hematospermia,Гематоспермия,N53.8,hematospermiaData.js,quality-ready,C,EAU|AUA/ASRM|WHO|RU|ESHRE,2026-05-10,365,2027-05-10,fresh,content-lead,content-structure-pass,scheduled-board-wave,responsive-table-or-card-row,decision-tree-supported,none
andrology,sexual,male-genital-lichen-planus,Генитальный красный плоский лишай,L43.9,maleGenitalLichenPlanusData.js,quality-ready,C,EAU|AUA/ASRM|WHO|RU,2026-05-10,365,2027-05-10,fresh,content-lead,content-structure-pass,scheduled-board-wave,responsive-table-or-card-row,not-required,none
andrology,sexual,male-pelvic-floor-dysfunction,Дисфункция тазового дна у мужчин,M62.8,malePelvicFloorDysfunctionData.js,quality-ready,C,EAU|AUA/ASRM|WHO|RU,2026-05-10,365,2027-05-10,fresh,content-lead,content-structure-pass,scheduled-board-wave,responsive-table-or-card-row,not-required,none
andrology,sexual,orchialgia,Орхиалгия (хроническая боль в яичке),N50.8,orchialgiaData.js,quality-ready,C,EAU|AUA/ASRM|WHO|RU,2026-05-10,365,2027-05-10,fresh,content-lead,content-structure-pass,scheduled-board-wave,responsive-table-or-card-row,not-required,none
andrology,sexual,penile-lichen-sclerosus,Склероатрофический лихен полового члена,L90.0,penileLichenSclerosusData.js,quality-ready,C,EAU|AUA/ASRM|WHO|RU,2026-05-10,365,2027-05-10,fresh,content-lead,content-structure-pass,scheduled-board-wave,responsive-table-or-card-row,not-required,none
andrology,sexual,penile-mondor-disease,Болезнь Мондора полового члена,I80.8,penileMondorDiseaseData.js,quality-ready,C,EAU|AUA/ASRM|WHO|RU,2026-05-10,365,2027-05-10,fresh,content-lead,content-structure-pass,scheduled-board-wave,responsive-table-or-card-row,not-required,none
andrology,sexual,penile-trauma,Травма полового члена,S39.8,penileTraumaData.js,quality-ready,C,EAU|AUA/ASRM|WHO|RU,2026-05-10,365,2027-05-10,fresh,content-lead,content-structure-pass,scheduled-board-wave,responsive-table-or-card-row,not-required,none
andrology,sexual,post-vasectomy-pain,Поствазэктомический болевой синдром,N53.8,postVasectomyPainData.js,quality-ready,C,EAU|AUA/ASRM|WHO|RU,2026-05-10,365,2027-05-10,fresh,content-lead,content-structure-pass,scheduled-board-wave,responsive-table-or-card-row,not-required,none
andrology,sexual,retrograde-ejaculation,Ретроградная эякуляция,N53.8,retrogradeEjaculationData.js,quality-ready,C,EAU|AUA/ASRM|WHO|RU,2026-05-10,365,2027-05-10,fresh,content-lead,content-structure-pass,scheduled-board-wave,responsive-table-or-card-row,not-required,none
andrology,sexual,spermatorrhea,Сперматорея,N53.8,spermatorrheaData.js,quality-ready,C,EAU|AUA/ASRM|WHO|RU|ESHRE,2026-05-10,365,2027-05-10,fresh,content-lead,content-structure-pass,scheduled-board-wave,responsive-table-or-card-row,decision-tree-supported,none
andrology,sexual,testicular-atrophy,Атрофия яичка,N50.0,testicularAtrophyData.js,quality-ready,C,EAU|AUA/ASRM|WHO|RU,2026-05-10,365,2027-05-10,fresh,content-lead,content-structure-pass,scheduled-board-wave,responsive-table-or-card-row,not-required,none
pediatric,,enuresis,Энурез (ночное недержание),F98.0,enuresisData.js,quality-ready,C,EAU|AUA/ASRM|WHO|RU,2026-05-10,365,2027-05-10,fresh,content-lead,content-structure-pass,scheduled-board-wave,responsive-table-or-card-row,not-required,none
pediatric,,spermatocele,Сперматоцеле,N50.3,spermatoceleData.js,quality-ready,C,EAU|AUA/ASRM|WHO|RU|ESHRE,2026-05-10,365,2027-05-10,fresh,content-lead,content-structure-pass,scheduled-board-wave,responsive-table-or-card-row,decision-tree-supported,none
urology,functional,bladder-outlet-obstruction,Обструкция выхода мочевого пузыря,N32.0,bladderOutletObstructionData.js,quality-ready,C,EAU|AUA/ASRM|WHO|RU,2026-05-10,365,2027-05-10,fresh,content-lead,content-structure-pass,scheduled-board-wave,responsive-table-or-card-row,not-required,none
urology,functional,nocturia,Ноктурия,R35.1,nocturiaData.js,quality-ready,C,EAU|AUA/ASRM|WHO|RU,2026-05-10,365,2027-05-10,fresh,content-lead,content-structure-pass,scheduled-board-wave,responsive-table-or-card-row,not-required,none
urology,functional,pollakiuria,Поллакиурия,R35.0,pollakiuriaData.js,quality-ready,C,EAU|AUA/ASRM|WHO|RU,2026-05-10,365,2027-05-10,fresh,content-lead,content-structure-pass,scheduled-board-wave,responsive-table-or-card-row,not-required,none
urology,functional,seminal-vesicle-disease,Заболевания семенных пузырьков,N50.0,seminalVesicleData.js,quality-ready,C,EAU|AUA/ASRM|WHO|RU,2026-05-10,365,2027-05-10,fresh,content-lead,content-structure-pass,scheduled-board-wave,responsive-table-or-card-row,not-required,none
urology,functional,urethral-hypersensitivity,Гиперчувствительность уретры,N36.8,urethralHypersensitivityData.js,quality-ready,C,EAU|AUA/ASRM|WHO|RU,2026-05-10,365,2027-05-10,fresh,content-lead,content-structure-pass,scheduled-board-wave,responsive-table-or-card-row,not-required,none
urology,functional,vesicocutaneous-fistula,Пузырно-кожный свищ,N82.8,vesicocutaneousFistulaData.js,quality-ready,C,EAU|AUA/ASRM|WHO|RU,2026-05-10,365,2027-05-10,fresh,content-lead,content-structure-pass,scheduled-board-wave,responsive-table-or-card-row,not-required,none
urology,infections,actinomycosis-gu,Актиномикоз мочеполовой,A42.8,actinomycosisGUData.js,quality-ready,C,EAU|AUA/ASRM|WHO|RU,2026-05-10,365,2027-05-10,fresh,content-lead,content-structure-pass,scheduled-board-wave,responsive-table-or-card-row,decision-tree-supported,none
urology,infections,asymptomatic-bacteriuria,Бессимптомная бактериурия,R82.7,asymptomaticBacteriuriaData.js,quality-ready,C,EAU|AUA/ASRM|WHO|RU,2026-05-10,365,2027-05-10,fresh,content-lead,content-structure-pass,scheduled-board-wave,responsive-table-or-card-row,decision-tree-supported,none
urology,infections,candida-balanitis,Кандидозный баланопостит,B37.4,candidaBalanitisData.js,quality-ready,C,EAU|AUA/ASRM|WHO|RU,2026-05-10,365,2027-05-10,fresh,content-lead,content-structure-pass,scheduled-board-wave,responsive-table-or-card-row,decision-tree-supported,none
urology,infections,chronic-pyelonephritis,Хронический пиелонефрит,N11,chronicPyelonephritisData.js,quality-ready,C,EAU|AUA/ASRM|WHO|RU,2026-05-10,365,2027-05-10,fresh,content-lead,content-structure-pass,scheduled-board-wave,responsive-table-or-card-row,decision-tree-supported,none
urology,infections,condyloma-acuminata,Остроконечные кондиломы (ВПЧ),A63.0,condylomaAcuminataData.js,quality-ready,C,EAU|AUA/ASRM|WHO|RU,2026-05-10,365,2027-05-10,fresh,content-lead,content-structure-pass,scheduled-board-wave,responsive-table-or-card-row,decision-tree-supported,none
urology,infections,cowperitis,Куперит (бульбоуретрит),N34.2,cowperitisData.js,quality-ready,C,EAU|AUA/ASRM|WHO|RU,2026-05-10,365,2027-05-10,fresh,content-lead,content-structure-pass,scheduled-board-wave,responsive-table-or-card-row,decision-tree-supported,none
urology,infections,genital-herpes,Герпес генитальный,A60.0,genitalHerpesData.js,quality-ready,C,EAU|AUA/ASRM|WHO|RU,2026-05-10,365,2027-05-10,fresh,content-lead,content-structure-pass,scheduled-board-wave,responsive-table-or-card-row,decision-tree-supported,none
urology,infections,genital-mycoplasma,Микоплазменная инфекция мочеполовая,A49.3,genitalMycoplasmaData.js,quality-ready,C,EAU|AUA/ASRM|WHO|RU,2026-05-10,365,2027-05-10,fresh,content-lead,content-structure-pass,scheduled-board-wave,responsive-table-or-card-row,decision-tree-supported,none
urology,infections,prostatovesiculitis,Простатовезикулит,N50.0,prostatovesiculitisData.js,quality-ready,C,EAU|AUA/ASRM|WHO|RU,2026-05-10,365,2027-05-10,fresh,content-lead,content-structure-pass,scheduled-board-wave,responsive-table-or-card-row,decision-tree-supported,none
urology,infections,schistosomiasis-gu,Шистосомоз мочеполовой,B65.0,schistosomiasisGuData.js,quality-ready,C,EAU|AUA/ASRM|WHO|RU,2026-05-10,365,2027-05-10,fresh,content-lead,content-structure-pass,scheduled-board-wave,responsive-table-or-card-row,decision-tree-supported,none
urology,infections,trichomoniasis-gu,Трихомониаз мочеполовой,A59.0,trichomoniasisGuData.js,quality-ready,C,EAU|AUA/ASRM|WHO|RU,2026-05-10,365,2027-05-10,fresh,content-lead,content-structure-pass,scheduled-board-wave,responsive-table-or-card-row,decision-tree-supported,none
urology,infections,urethritis,Уретрит,N34,urethritisData.js,quality-ready,C,EAU|AUA/ASRM|WHO|RU,2026-05-10,365,2027-05-10,fresh,content-lead,content-structure-pass,scheduled-board-wave,responsive-table-or-card-row,decision-tree-supported,none
urology,infections,xanthogranulomatous-pyelonephritis,Ксантогранулематозный пиелонефрит,N12,xanthogranulomatousPyelonephritisData.js,quality-ready,C,EAU|AUA/ASRM|WHO|RU,2026-05-10,365,2027-05-10,fresh,content-lead,content-structure-pass,scheduled-board-wave,responsive-table-or-card-row,decision-tree-supported,none
urology,nephrology,acute-kidney-injury,Острое повреждение почек (ОПП),N17,acuteKidneyInjuryData.js,quality-ready,C,EAU|AUA/ASRM|WHO|RU,2026-05-10,365,2027-05-10,fresh,content-lead,content-structure-pass,scheduled-board-wave,responsive-table-or-card-row,not-required,none
urology,nephrology,analgesic-nephropathy,Анальгетическая нефропатия,N14.0,analgesicNephropathyData.js,quality-ready,C,EAU|AUA/ASRM|WHO|RU,2026-05-10,365,2027-05-10,fresh,content-lead,content-structure-pass,scheduled-board-wave,responsive-table-or-card-row,not-required,none
urology,nephrology,ckd,Хроническая болезнь почек,N18,ckdData.js,quality-ready,C,EAU|AUA/ASRM|WHO|RU,2026-05-10,365,2027-05-10,fresh,content-lead,content-structure-pass,scheduled-board-wave,responsive-table-or-card-row,not-required,none
urology,nephrology,cystinuria,Цистинурия,E72.0,cystinuriaData.js,quality-ready,C,EAU|AUA/ASRM|WHO|RU,2026-05-10,365,2027-05-10,fresh,content-lead,content-structure-pass,scheduled-board-wave,responsive-table-or-card-row,not-required,none
urology,nephrology,diabetic-nephropathy,Диабетическая нефропатия,E11.2,diabeticNephropathyData.js,quality-ready,C,EAU|AUA/ASRM|WHO|RU,2026-05-10,365,2027-05-10,fresh,content-lead,content-structure-pass,scheduled-board-wave,responsive-table-or-card-row,not-required,none
urology,nephrology,glomerulonephritis,Гломерулонефрит,N00-N08,glomerulonephritisData.js,quality-ready,C,EAU|AUA/ASRM|WHO|RU,2026-05-10,365,2027-05-10,fresh,content-lead,content-structure-pass,scheduled-board-wave,responsive-table-or-card-row,not-required,none
urology,nephrology,hypercalciuria,Гиперкальциурия,E83.5,hypercalciuriaData.js,quality-ready,C,EAU|AUA/ASRM|WHO|RU,2026-05-10,365,2027-05-10,fresh,content-lead,content-structure-pass,scheduled-board-wave,responsive-table-or-card-row,not-required,none
urology,nephrology,hyperoxaluria,Гипероксалурия,E72.5,hyperoxaluriaData.js,quality-ready,C,EAU|AUA/ASRM|WHO|RU,2026-05-10,365,2027-05-10,fresh,content-lead,content-structure-pass,scheduled-board-wave,responsive-table-or-card-row,not-required,none
urology,nephrology,hyperuricosuria,Гиперурикозурия,E79.0,hyperuricosuriaData.js,quality-ready,C,EAU|AUA/ASRM|WHO|RU,2026-05-10,365,2027-05-10,fresh,content-lead,content-structure-pass,scheduled-board-wave,responsive-table-or-card-row,not-required,none
urology,nephrology,iga-nephropathy,IgA-нефропатия (Берже),N02,igaNephropathyData.js,quality-ready,C,EAU|AUA/ASRM|WHO|RU,2026-05-10,365,2027-05-10,fresh,content-lead,content-structure-pass,scheduled-board-wave,responsive-table-or-card-row,not-required,none
urology,nephrology,interstitial-nephritis,Интерстициальный нефрит,N10,interstitialNephritisData.js,quality-ready,C,EAU|AUA/ASRM|WHO|RU,2026-05-10,365,2027-05-10,fresh,content-lead,content-structure-pass,scheduled-board-wave,responsive-table-or-card-row,not-required,none
urology,nephrology,membranous-nephropathy,Мембранозная нефропатия,N05,membranousNephropathyData.js,quality-ready,C,EAU|AUA/ASRM|WHO|RU,2026-05-10,365,2027-05-10,fresh,content-lead,content-structure-pass,scheduled-board-wave,responsive-table-or-card-row,not-required,none
urology,nephrology,nephroptosis,Нефроптоз,N28.8,nephroptosisData.js,quality-ready,C,EAU|AUA/ASRM|WHO|RU,2026-05-10,365,2027-05-10,fresh,content-lead,content-structure-pass,scheduled-board-wave,responsive-table-or-card-row,not-required,none
urology,nephrology,nephrotic-syndrome,Нефротический синдром,N04,nephroticSyndromeData.js,quality-ready,C,EAU|AUA/ASRM|WHO|RU,2026-05-10,365,2027-05-10,fresh,content-lead,content-structure-pass,scheduled-board-wave,responsive-table-or-card-row,not-required,none
urology,nephrology,papillary-necrosis,Папиллярный некроз,N17.0,papillaryNecrosisData.js,quality-ready,C,EAU|AUA/ASRM|WHO|RU,2026-05-10,365,2027-05-10,fresh,content-lead,content-structure-pass,scheduled-board-wave,responsive-table-or-card-row,not-required,none
urology,nephrology,polycystic-kidney,Поликистозная болезнь почек,Q61.2,polycysticKidneyData.js,quality-ready,C,EAU|AUA/ASRM|WHO|RU,2026-05-10,365,2027-05-10,fresh,content-lead,content-structure-pass,scheduled-board-wave,responsive-table-or-card-row,not-required,none
urology,nephrology,renal-abscess,Абсцесс почки,N15.1,renalAbscessData.js,quality-ready,C,EAU|AUA/ASRM|WHO|RU,2026-05-10,365,2027-05-10,fresh,content-lead,content-structure-pass,scheduled-board-wave,responsive-table-or-card-row,not-required,none
urology,nephrology,renal-angiomyolipoma,Ангиомиолипома почки,D30.0,renalAngiomyolipomaData.js,quality-ready,C,EAU|AUA/ASRM|WHO|RU,2026-05-10,365,2027-05-10,fresh,content-lead,content-structure-pass,scheduled-board-wave,responsive-table-or-card-row,not-required,none
urology,nephrology,renal-artery-stenosis,Стеноз почечной артерии,I70.1,renalArteryStenosisData.js,quality-ready,C,EAU|AUA/ASRM|WHO|RU,2026-05-10,365,2027-05-10,fresh,content-lead,content-structure-pass,scheduled-board-wave,responsive-table-or-card-row,not-required,none
urology,nephrology,renal-cysts,Кисты почек,N28.1,renalCystsData.js,quality-ready,C,EAU|AUA/ASRM|WHO|RU,2026-05-10,365,2027-05-10,fresh,content-lead,content-structure-pass,scheduled-board-wave,responsive-table-or-card-row,not-required,none
urology,nephrology,renal-infarction,Инфаркт почки,N28.0,renalInfarctionData.js,quality-ready,C,EAU|AUA/ASRM|WHO|RU,2026-05-10,365,2027-05-10,fresh,content-lead,content-structure-pass,scheduled-board-wave,responsive-table-or-card-row,not-required,none
urology,nephrology,renal-trauma,Травма почки,S37.0,renalTraumaData.js,quality-ready,C,EAU|AUA/ASRM|WHO|RU,2026-05-10,365,2027-05-10,fresh,content-lead,content-structure-pass,scheduled-board-wave,responsive-table-or-card-row,not-required,none
urology,nephrology,renal-vein-thrombosis,Тромбоз почечной вены,I82.3,renalVeinThrombosisData.js,quality-ready,C,EAU|AUA/ASRM|WHO|RU,2026-05-10,365,2027-05-10,fresh,content-lead,content-structure-pass,scheduled-board-wave,responsive-table-or-card-row,not-required,none
urology,nephrology,ureteral-trauma,Травма мочеточника,S37.1,ureteralTraumaData.js,quality-ready,C,EAU|AUA/ASRM|WHO|RU,2026-05-10,365,2027-05-10,fresh,content-lead,content-structure-pass,scheduled-board-wave,responsive-table-or-card-row,not-required,none
urology,oncology,adrenal-cancer,Рак надпочечника,C74.0,adrenalCancerData.js,quality-ready,C,EAU|AUA/ASRM|WHO|RU,2026-05-10,365,2027-05-10,fresh,content-lead,content-structure-pass,scheduled-board-wave,responsive-table-or-card-row,decision-tree-supported,none
urology,oncology,adrenal-incidentaloma,Инциденталома надпочечника,E27.8,adrenalIncidentalomaData.js,quality-ready,C,EAU|AUA/ASRM|WHO|RU,2026-05-10,365,2027-05-10,fresh,content-lead,content-structure-pass,scheduled-board-wave,responsive-table-or-card-row,decision-tree-supported,none
urology,oncology,benign-bladder-neoplasm,Доброкачественное новообразование мочевого пузыря,D30.3,benignBladderNeoplasmData.js,quality-ready,C,EAU|AUA/ASRM|WHO|RU,2026-05-10,365,2027-05-10,fresh,content-lead,content-structure-pass,scheduled-board-wave,responsive-table-or-card-row,decision-tree-supported,none
urology,oncology,bladder-carcinoma-in-situ,Карцинома in situ мочевого пузыря,D09.0,bladderCarcinomaInSituData.js,quality-ready,C,EAU|AUA/ASRM|WHO|RU,2026-05-10,365,2027-05-10,fresh,content-lead,content-structure-pass,scheduled-board-wave,responsive-table-or-card-row,decision-tree-supported,none
urology,oncology,paraganglioma-bladder,Параганглиома мочевого пузыря,D35.4,paragangliomaBladderData.js,quality-ready,C,EAU|AUA/ASRM|WHO|RU,2026-05-10,365,2027-05-10,fresh,content-lead,content-structure-pass,scheduled-board-wave,responsive-table-or-card-row,decision-tree-supported,none
urology,oncology,prostatic-intraepithelial-neoplasia,Простатическая интраэпителиальная неоплазия (PIN),D40.0,prostaticIntraepithelialNeoplasiaData.js,quality-ready,C,EAU|AUA/ASRM|WHO|RU,2026-05-10,365,2027-05-10,fresh,content-lead,content-structure-pass,scheduled-board-wave,responsive-table-or-card-row,decision-tree-supported,none
urology,pain,malakoplakia,Малакоплакия мочевого пузыря,N32.8,malakoplakiaData.js,quality-ready,C,EAU|AUA/ASRM|WHO|RU,2026-05-10,365,2027-05-10,fresh,content-lead,content-structure-pass,scheduled-board-wave,responsive-table-or-card-row,not-required,none
urology,reconstructive,bladder-diverticulum,Дивертикул мочевого пузыря,N32.3,bladderDiverticulumData.js,quality-ready,C,EAU|AUA/ASRM|WHO|RU,2026-05-10,365,2027-05-10,fresh,content-lead,content-structure-pass,scheduled-board-wave,responsive-table-or-card-row,not-required,none
urology,reconstructive,bladder-endometriosis,Эндометриоз мочевого пузыря,N80.1,bladderEndometriosisData.js,quality-ready,C,EAU|AUA/ASRM|WHO|RU,2026-05-10,365,2027-05-10,fresh,content-lead,content-structure-pass,scheduled-board-wave,responsive-table-or-card-row,not-required,none
urology,reconstructive,bladder-rupture,Разрыв мочевого пузыря,S37.2,bladderRuptureData.js,quality-ready,C,EAU|AUA/ASRM|WHO|RU,2026-05-10,365,2027-05-10,fresh,content-lead,content-structure-pass,scheduled-board-wave,responsive-table-or-card-row,not-required,none
urology,reconstructive,catheter-complication,Механическое осложнение мочевого катетера,T83.0,catheterComplicationData.js,quality-ready,C,EAU|AUA/ASRM|WHO|RU,2026-05-10,365,2027-05-10,fresh,content-lead,content-structure-pass,scheduled-board-wave,responsive-table-or-card-row,not-required,none
urology,reconstructive,chyluria,Хилурия,R82.0,chyluriaData.js,quality-ready,C,EAU|AUA/ASRM|WHO|RU,2026-05-10,365,2027-05-10,fresh,content-lead,content-structure-pass,scheduled-board-wave,responsive-table-or-card-row,not-required,none
urology,reconstructive,enterovesical-fistula,Кишечно-пузырный свищ,N32.1,enterovesicalFistulaData.js,quality-ready,C,EAU|AUA/ASRM|WHO|RU,2026-05-10,365,2027-05-10,fresh,content-lead,content-structure-pass,scheduled-board-wave,responsive-table-or-card-row,not-required,none
urology,reconstructive,hematuria,Гематурия,R31,hematuriaData.js,quality-ready,C,EAU|AUA/ASRM|WHO|RU,2026-05-10,365,2027-05-10,fresh,content-lead,content-structure-pass,scheduled-board-wave,responsive-table-or-card-row,not-required,none
urology,reconstructive,leukoplakia,Лейкоплакия мочевого пузыря,N32.8,leukoplakiaData.js,quality-ready,C,EAU|AUA/ASRM|WHO|RU,2026-05-10,365,2027-05-10,fresh,content-lead,content-structure-pass,scheduled-board-wave,responsive-table-or-card-row,not-required,none
urology,reconstructive,meatal-stenosis,Стеноз наружного меатуса,N36.0,meatalStenosisData.js,quality-ready,C,EAU|AUA/ASRM|WHO|RU,2026-05-10,365,2027-05-10,fresh,content-lead,content-structure-pass,scheduled-board-wave,responsive-table-or-card-row,not-required,none
urology,reconstructive,pelvic-fracture-urethral-injury,Травма уретры при переломе таза,S37.2,pelvicFractureUrethralInjuryData.js,quality-ready,C,EAU|AUA/ASRM|WHO|RU,2026-05-10,365,2027-05-10,fresh,content-lead,content-structure-pass,scheduled-board-wave,responsive-table-or-card-row,not-required,none
urology,reconstructive,penile-fracture,Перелом полового члена,S39.8,penileFractureData.js,quality-ready,C,EAU|AUA/ASRM|WHO|RU,2026-05-10,365,2027-05-10,fresh,content-lead,content-structure-pass,scheduled-board-wave,responsive-table-or-card-row,not-required,none
urology,reconstructive,scrotal-trauma,Травма мошонки,S30.2,scrotalTraumaData.js,quality-ready,C,EAU|AUA/ASRM|WHO|RU,2026-05-10,365,2027-05-10,fresh,content-lead,content-structure-pass,scheduled-board-wave,responsive-table-or-card-row,not-required,none
urology,reconstructive,stent-symptoms,Стент-симптомы,T83.1,stentSymptomsData.js,quality-ready,C,EAU|AUA/ASRM|WHO|RU,2026-05-10,365,2027-05-10,fresh,content-lead,content-structure-pass,scheduled-board-wave,responsive-table-or-card-row,not-required,none
urology,reconstructive,urethral-caruncle,Уретральный карункул,N36.8,urethralCaruncleData.js,quality-ready,C,EAU|AUA/ASRM|WHO|RU,2026-05-10,365,2027-05-10,fresh,content-lead,content-structure-pass,scheduled-board-wave,responsive-table-or-card-row,not-required,none
urology,reconstructive,urethral-diverticulum,Дивертикул уретры,N36.2,urethralDiverticulumData.js,quality-ready,C,EAU|AUA/ASRM|WHO|RU,2026-05-10,365,2027-05-10,fresh,content-lead,content-structure-pass,scheduled-board-wave,responsive-table-or-card-row,not-required,none
urology,reconstructive,urethral-prolapse,Выпадение уретры,N36.1,urethralProlapseData.js,quality-ready,C,EAU|AUA/ASRM|WHO|RU,2026-05-10,365,2027-05-10,fresh,content-lead,content-structure-pass,scheduled-board-wave,responsive-table-or-card-row,not-required,none
urology,reconstructive,urethral-trauma,Травма уретры,S37.3,urethralTraumaData.js,quality-ready,C,EAU|AUA/ASRM|WHO|RU,2026-05-10,365,2027-05-10,fresh,content-lead,content-structure-pass,scheduled-board-wave,responsive-table-or-card-row,not-required,none
urology,reconstructive,urogenital-fistula,Урогенитальные свищи,N82,urogenitalFistulaData.js,quality-ready,C,EAU|AUA/ASRM|WHO|RU,2026-05-10,365,2027-05-10,fresh,content-lead,content-structure-pass,scheduled-board-wave,responsive-table-or-card-row,not-required,none
urology,reconstructive,vesicovaginal-fistula,Пузырно-влагалищный свищ,N82.0,vesicovaginalFistulaData.js,quality-ready,C,EAU|AUA/ASRM|WHO|RU,2026-05-10,365,2027-05-10,fresh,content-lead,content-structure-pass,scheduled-board-wave,responsive-table-or-card-row,not-required,none
urology,stones,urethral-stones,Камни уретры,N21.1,urethralStonesData.js,quality-ready,C,EAU|AUA/ASRM|WHO|RU,2026-05-10,365,2027-05-10,fresh,content-lead,content-structure-pass,scheduled-board-wave,responsive-table-or-card-row,decision-tree-supported,none
